{"cameraMode":{"drawMode":0,"name":"Shaded","section":"Shading Mode"},"sceneLighting":true,"audioPlay":false,"sceneViewState":{"showFog":true,"showMaterialUpdate":true,"showSkybox":true,"showFlares":true,"showImageEffects":true,"showParticleSystems":true},"in2DMode":false,"pivot":{"x":-1.2554147243499756,"y":0.5732603669166565,"z":-1.7510099411010743},"rotation":{"x":-0.07911062240600586,"y":0.41219016909599306,"z":-0.035940397530794147,"w":-0.9069628119468689},"size":5.025846481323242,"orthographic":false}