{"cameraMode":{"drawMode":0,"name":"Shaded","section":"Shading Mode"},"sceneLighting":true,"audioPlay":false,"sceneViewState":{"showFog":false,"showMaterialUpdate":false,"showSkybox":false,"showFlares":false,"showImageEffects":false,"showParticleSystems":false},"in2DMode":false,"pivot":{"x":-0.5618151426315308,"y":-0.6942733526229858,"z":1.9404375553131104},"rotation":{"x":0.18493613600730897,"y":-0.013059871271252633,"z":0.0020544128492474558,"w":0.9827686548233032},"size":6.001474380493164,"orthographic":false}