{"cameraMode":{"drawMode":0,"name":"Shaded","section":"Shading Mode"},"sceneLighting":true,"audioPlay":false,"sceneViewState":{"showFog":true,"showMaterialUpdate":true,"showSkybox":true,"showFlares":true,"showImageEffects":true,"showParticleSystems":true},"in2DMode":false,"pivot":{"x":0.036909639835357669,"y":-0.047975778579711917,"z":9.54155445098877},"rotation":{"x":-0.04796193167567253,"y":0.04201654717326164,"z":-0.0015420946292579175,"w":-0.9980536103248596},"size":11.478598594665528,"orthographic":false}