{"cameraMode":{"drawMode":0,"name":"Shaded","section":"Shading Mode"},"sceneLighting":true,"audioPlay":false,"sceneViewState":{"showFog":true,"showMaterialUpdate":true,"showSkybox":true,"showFlares":true,"showImageEffects":true,"showParticleSystems":true},"in2DMode":false,"pivot":{"x":-8.39893913269043,"y":2.498575448989868,"z":-2.5249996185302736},"rotation":{"x":0.1055549904704094,"y":0.8202722668647766,"z":-0.1607356071472168,"w":0.5386889576911926},"size":8.362314224243164,"orthographic":false}