{"cameraMode":{"drawMode":0,"name":"Shaded","section":"Shading Mode"},"sceneLighting":false,"audioPlay":false,"sceneViewState":{"showFog":true,"showMaterialUpdate":true,"showSkybox":false,"showFlares":true,"showImageEffects":true,"showParticleSystems":true},"in2DMode":false,"pivot":{"x":-0.5726083517074585,"y":0.0029003769159317018,"z":0.7184707522392273},"rotation":{"x":-0.17560037970542909,"y":0.694599986076355,"z":-0.18110060691833497,"w":-0.6737810969352722},"size":0.5137711763381958,"orthographic":false}