{"cameraMode":{"drawMode":0,"name":"Shaded","section":"Shading Mode"},"sceneLighting":true,"audioPlay":false,"sceneViewState":{"showFog":true,"showMaterialUpdate":true,"showSkybox":true,"showFlares":true,"showImageEffects":true,"showParticleSystems":true},"in2DMode":false,"pivot":{"x":-9.561665534973145,"y":1.8278290033340455,"z":-1.8337057828903199},"rotation":{"x":0.14154919981956483,"y":-0.7138347029685974,"z":0.1510298252105713,"w":0.6690286993980408},"size":2.3499221801757814,"orthographic":false}