{"cameraMode":{"drawMode":0,"name":"Shaded","section":"Shading Mode"},"sceneLighting":true,"audioPlay":false,"sceneViewState":{"showFog":true,"showMaterialUpdate":true,"showSkybox":true,"showFlares":true,"showImageEffects":true,"showParticleSystems":true},"in2DMode":false,"pivot":{"x":-13.50243854522705,"y":1.2451133728027344,"z":-1.387920618057251},"rotation":{"x":0.16287600994110108,"y":-0.6798311471939087,"z":0.15881980955600739,"w":0.6971967816352844},"size":13.337685585021973,"orthographic":false}