{"cameraMode":{"drawMode":0,"name":"Shaded","section":"Shading Mode"},"sceneLighting":true,"audioPlay":false,"sceneViewState":{"showFog":false,"showMaterialUpdate":false,"showSkybox":false,"showFlares":false,"showImageEffects":false,"showParticleSystems":false},"in2DMode":false,"pivot":{"x":-2.1574547290802,"y":0.4300574064254761,"z":-0.4391566514968872},"rotation":{"x":0.1692337840795517,"y":0.6843318939208984,"z":-0.16806194186210633,"w":0.6890811920166016},"size":2.4170002937316896,"orthographic":false}