{"cameraMode":{"drawMode":0,"name":"Shaded","section":"Shading Mode"},"sceneLighting":false,"audioPlay":false,"sceneViewState":{"showFog":false,"showMaterialUpdate":false,"showSkybox":false,"showFlares":false,"showImageEffects":false,"showParticleSystems":false},"in2DMode":false,"pivot":{"x":-24.5050048828125,"y":318.50250244140627,"z":0.0},"rotation":{"x":0.1537245512008667,"y":-0.049843236804008487,"z":0.007372959051281214,"w":0.9869368076324463},"size":2.5578837394714357,"orthographic":false}