{"cameraMode":{"drawMode":0,"name":"Shaded","section":"Shading Mode"},"sceneLighting":true,"audioPlay":false,"sceneViewState":{"showFog":false,"showMaterialUpdate":false,"showSkybox":false,"showFlares":false,"showImageEffects":false,"showParticleSystems":false},"in2DMode":false,"pivot":{"x":0.12569382786750794,"y":-0.5544316172599793,"z":-0.2652718126773834},"rotation":{"x":0.003601663513109088,"y":-0.0027223348151892425,"z":-0.00001271593282581307,"w":-0.9999932646751404},"size":0.34365013241767886,"orthographic":false}