{"cameraMode":{"drawMode":0,"name":"Shaded","section":"Shading Mode"},"sceneLighting":true,"audioPlay":false,"sceneViewState":{"showFog":true,"showMaterialUpdate":true,"showSkybox":true,"showFlares":true,"showImageEffects":true,"showParticleSystems":true},"in2DMode":false,"pivot":{"x":5.885842323303223,"y":-1.5218253135681153,"z":-6.288392543792725},"rotation":{"x":0.07975590229034424,"y":0.8723498582839966,"z":-0.15199382603168488,"w":0.45778727531433108},"size":13.631175994873047,"orthographic":false}