{"cameraMode":{"drawMode":0,"name":"Shaded","section":"Shading Mode"},"sceneLighting":true,"audioPlay":false,"sceneViewState":{"showFog":true,"showMaterialUpdate":true,"showSkybox":true,"showFlares":true,"showImageEffects":true,"showParticleSystems":true},"in2DMode":false,"pivot":{"x":-10.059286117553711,"y":1.0353527069091797,"z":-3.391251802444458},"rotation":{"x":0.11120516806840897,"y":0.8185393214225769,"z":-0.16933956742286683,"w":0.5375511646270752},"size":5.953533172607422,"orthographic":false}