{"cameraMode":{"drawMode":0,"name":"Shaded","section":"Shading Mode"},"sceneLighting":true,"audioPlay":false,"sceneViewState":{"showFog":true,"showMaterialUpdate":true,"showSkybox":true,"showFlares":true,"showImageEffects":true,"showParticleSystems":true},"in2DMode":false,"pivot":{"x":3.068645477294922,"y":0.26806512475013735,"z":0.5604759454727173},"rotation":{"x":-0.1596955507993698,"y":0.5467554926872253,"z":-0.10713101178407669,"w":-0.8149513602256775},"size":0.8621050715446472,"orthographic":false}