{"cameraMode":{"drawMode":0,"name":"Shaded","section":"Shading Mode"},"sceneLighting":true,"audioPlay":false,"sceneViewState":{"showFog":false,"showMaterialUpdate":false,"showSkybox":false,"showFlares":false,"showImageEffects":false,"showParticleSystems":false},"in2DMode":false,"pivot":{"x":1.7798104286193848,"y":-1.647873878479004,"z":-1.7144635915756226},"rotation":{"x":0.18907172977924348,"y":0.7497604489326477,"z":-0.24182429909706117,"w":0.5862098932266235},"size":6.4301652908325199,"orthographic":false}