{"cameraMode":{"drawMode":0,"name":"Shaded","section":"Shading Mode"},"sceneLighting":true,"audioPlay":false,"sceneViewState":{"showFog":false,"showMaterialUpdate":false,"showSkybox":false,"showFlares":false,"showImageEffects":false,"showParticleSystems":false},"in2DMode":false,"pivot":{"x":0.21150565147399903,"y":-0.9594075679779053,"z":-0.6761455535888672},"rotation":{"x":0.25845620036125185,"y":0.6562591791152954,"z":-0.2566700577735901,"w":0.66081303358078},"size":4.791348457336426,"orthographic":false}