{"cameraMode":{"drawMode":0,"name":"Shaded","section":"Shading Mode"},"sceneLighting":true,"audioPlay":false,"sceneViewState":{"showFog":true,"showMaterialUpdate":true,"showSkybox":true,"showFlares":true,"showImageEffects":true,"showParticleSystems":true},"in2DMode":false,"pivot":{"x":-0.1819790005683899,"y":0.37243351340293887,"z":-3.0574564933776857},"rotation":{"x":0.1870228499174118,"y":-0.5470970869064331,"z":0.12694354355335236,"w":0.8060043454170227},"size":0.5621048212051392,"orthographic":false}