{"cameraMode":{"drawMode":0,"name":"Shaded","section":"Shading Mode"},"sceneLighting":true,"audioPlay":false,"sceneViewState":{"showFog":true,"showMaterialUpdate":true,"showSkybox":true,"showFlares":true,"showImageEffects":true,"showParticleSystems":true},"in2DMode":false,"pivot":{"x":-0.09249617159366608,"y":0.6481091976165772,"z":0.7985990047454834},"rotation":{"x":0.27376261353492739,"y":0.0370064452290535,"z":-0.010485920123755932,"w":0.961071252822876},"size":2.581291675567627,"orthographic":false}