{"cameraMode":{"drawMode":0,"name":"Shaded","section":"Shading Mode"},"sceneLighting":true,"audioPlay":false,"sceneViewState":{"showFog":false,"showMaterialUpdate":false,"showSkybox":false,"showFlares":false,"showImageEffects":false,"showParticleSystems":false},"in2DMode":false,"pivot":{"x":-2.087745428085327,"y":0.6070769429206848,"z":-4.9218854904174809},"rotation":{"x":-0.00003590012056520209,"y":-0.9999262094497681,"z":-0.011999472044408322,"w":0.0030088943894952537},"size":5.989999771118164,"orthographic":false}