{"cameraMode":{"drawMode":0,"name":"Shaded","section":"Shading Mode"},"sceneLighting":false,"audioPlay":false,"sceneViewState":{"showFog":true,"showMaterialUpdate":true,"showSkybox":false,"showFlares":true,"showImageEffects":true,"showParticleSystems":true},"in2DMode":false,"pivot":{"x":0.0,"y":1.0523945093154907e-7,"z":0.44775015115737917},"rotation":{"x":0.10631752014160156,"y":-0.8068418502807617,"z":0.15311883389949799,"w":0.5606569051742554},"size":2.49214243888855,"orthographic":false}