{"cameraMode":{"drawMode":0,"name":"Shaded","section":"Shading Mode"},"sceneLighting":true,"audioPlay":false,"sceneViewState":{"showFog":true,"showMaterialUpdate":true,"showSkybox":true,"showFlares":true,"showImageEffects":true,"showParticleSystems":true},"in2DMode":false,"pivot":{"x":-0.014553874731063843,"y":0.12290728092193604,"z":1.829460620880127},"rotation":{"x":-0.22448515892028809,"y":0.027702301740646364,"z":-0.006378099787980318,"w":-0.9740970134735107},"size":3.8782236576080324,"orthographic":false}