{"cameraMode":{"drawMode":0,"name":"Shaded","section":"Shading Mode"},"sceneLighting":true,"audioPlay":false,"sceneViewState":{"showFog":false,"showMaterialUpdate":false,"showSkybox":false,"showFlares":false,"showImageEffects":false,"showParticleSystems":false},"in2DMode":false,"pivot":{"x":-1.953624963760376,"y":0.575092077255249,"z":-0.510447084903717},"rotation":{"x":-0.15126243233680726,"y":-0.6238381862640381,"z":0.12471617758274079,"w":-0.7565805912017822},"size":2.8037896156311037,"orthographic":false}