{"cameraMode":{"drawMode":0,"name":"Shaded","section":"Shading Mode"},"sceneLighting":true,"audioPlay":false,"sceneViewState":{"showFog":true,"showMaterialUpdate":true,"showSkybox":true,"showFlares":true,"showImageEffects":true,"showParticleSystems":true},"in2DMode":false,"pivot":{"x":0.09024638682603836,"y":0.6093443632125855,"z":0.21205353736877442},"rotation":{"x":0.002338127000257373,"y":-0.9030492305755615,"z":0.4295597970485687,"w":0.00493224710226059},"size":2.2674670219421388,"orthographic":false}