{"cameraMode":{"drawMode":0,"name":"Shaded","section":"Shading Mode"},"sceneLighting":true,"audioPlay":false,"sceneViewState":{"showFog":true,"showMaterialUpdate":true,"showSkybox":false,"showFlares":true,"showImageEffects":true,"showParticleSystems":true},"in2DMode":false,"pivot":{"x":-4.982002258300781,"y":3.2200002670288088,"z":-0.7756004333496094},"rotation":{"x":0.21254143118858338,"y":-0.3164847791194916,"z":0.07256759703159332,"w":0.9217289090156555},"size":176.1387176513672,"orthographic":false}