{"cameraMode":{"drawMode":0,"name":"Shaded","section":"Shading Mode"},"sceneLighting":false,"audioPlay":false,"sceneViewState":{"showFog":true,"showMaterialUpdate":true,"showSkybox":false,"showFlares":true,"showImageEffects":true,"showParticleSystems":true},"in2DMode":false,"pivot":{"x":0.0,"y":0.100006103515625,"z":0.09999999403953552},"rotation":{"x":-0.11304235458374024,"y":-0.11097557097673416,"z":0.012718604877591133,"w":-0.9873101711273193},"size":1.3199851512908936,"orthographic":false}