{"cameraMode":{"drawMode":0,"name":"Shaded","section":"Shading Mode"},"sceneLighting":false,"audioPlay":false,"sceneViewState":{"showFog":true,"showMaterialUpdate":true,"showSkybox":false,"showFlares":true,"showImageEffects":true,"showParticleSystems":true},"in2DMode":false,"pivot":{"x":-0.2897719740867615,"y":0.02116076648235321,"z":0.589073121547699},"rotation":{"x":-0.10626993328332901,"y":0.8101417422294617,"z":-0.15494437515735627,"w":-0.5554049015045166},"size":0.16155928373336793,"orthographic":false}