{"cameraMode":{"drawMode":0,"name":"Shaded","section":"Shading Mode"},"sceneLighting":true,"audioPlay":false,"sceneViewState":{"showFog":false,"showMaterialUpdate":false,"showSkybox":false,"showFlares":false,"showImageEffects":false,"showParticleSystems":false},"in2DMode":false,"pivot":{"x":0.4199568033218384,"y":0.6619496941566467,"z":1.8721598386764527},"rotation":{"x":0.14497363567352296,"y":0.534026026725769,"z":-0.09353857487440109,"w":0.8276779055595398},"size":2.350057363510132,"orthographic":false}