{"cameraMode":{"drawMode":0,"name":"Shaded","section":"Shading Mode"},"sceneLighting":true,"audioPlay":false,"sceneViewState":{"showFog":true,"showMaterialUpdate":true,"showSkybox":true,"showFlares":true,"showImageEffects":true,"showParticleSystems":true},"in2DMode":false,"pivot":{"x":0.3490789830684662,"y":-0.3290221691131592,"z":0.17469942569732667},"rotation":{"x":0.07181287556886673,"y":-0.7327871322631836,"z":0.07837830483913422,"w":0.6721624732017517},"size":3.8465254306793215,"orthographic":false}