{"cameraMode":{"drawMode":0,"name":"Shaded","section":"Shading Mode"},"sceneLighting":true,"audioPlay":false,"sceneViewState":{"showFog":true,"showMaterialUpdate":true,"showSkybox":true,"showFlares":true,"showImageEffects":true,"showParticleSystems":true},"in2DMode":false,"pivot":{"x":1.5059117078781129,"y":-0.7020013332366943,"z":-1.3220081329345704},"rotation":{"x":0.10072203725576401,"y":0.89295494556427,"z":-0.24855545163154603,"w":0.36164751648902895},"size":5.28129243850708,"orthographic":false}