{"cameraMode":{"drawMode":0,"name":"Shaded","section":"Shading Mode"},"sceneLighting":true,"audioPlay":false,"sceneViewState":{"showFog":true,"showMaterialUpdate":true,"showSkybox":true,"showFlares":true,"showImageEffects":true,"showParticleSystems":true},"in2DMode":false,"pivot":{"x":0.04069329798221588,"y":-1.745051383972168,"z":-0.7225003242492676},"rotation":{"x":-0.25947293639183047,"y":-0.014243393205106259,"z":0.0038276289124041797,"w":-0.9656580686569214},"size":4.228287696838379,"orthographic":false}