{"cameraMode":{"drawMode":0,"name":"Shaded","section":"Shading Mode"},"sceneLighting":true,"audioPlay":false,"sceneViewState":{"showFog":false,"showMaterialUpdate":false,"showSkybox":false,"showFlares":false,"showImageEffects":false,"showParticleSystems":false},"in2DMode":false,"pivot":{"x":-0.3362075090408325,"y":0.6441996097564697,"z":-3.0398106575012209},"rotation":{"x":0.0009765293216332793,"y":0.9978442788124085,"z":-0.06384731829166413,"w":0.015263929963111878},"size":4.822813034057617,"orthographic":false}