{"cameraMode":{"drawMode":0,"name":"Shaded","section":"Shading Mode"},"sceneLighting":true,"audioPlay":false,"sceneViewState":{"showFog":false,"showMaterialUpdate":false,"showSkybox":false,"showFlares":false,"showImageEffects":false,"showParticleSystems":false},"in2DMode":false,"pivot":{"x":-1.7164347171783448,"y":1.3383363485336304,"z":-0.03940629959106445},"rotation":{"x":0.07508136332035065,"y":0.300428181886673,"z":-0.023730121552944185,"w":0.9505495429039002},"size":1.2958241701126099,"orthographic":false}