{"cameraMode":{"drawMode":0,"name":"Shaded","section":"Shading Mode"},"sceneLighting":false,"audioPlay":false,"sceneViewState":{"showFog":true,"showMaterialUpdate":true,"showSkybox":false,"showFlares":true,"showImageEffects":true,"showParticleSystems":true},"in2DMode":false,"pivot":{"x":-0.5868732929229736,"y":0.04010056331753731,"z":0.7031394243240356},"rotation":{"x":-0.09055045992136002,"y":0.8063077926635742,"z":-0.12807999551296235,"w":-0.5703908801078796},"size":0.16155922412872315,"orthographic":false}