{"cameraMode":{"drawMode":0,"name":"Shaded","section":"Shading Mode"},"sceneLighting":true,"audioPlay":false,"sceneViewState":{"showFog":false,"showMaterialUpdate":false,"showSkybox":false,"showFlares":false,"showImageEffects":false,"showParticleSystems":false},"in2DMode":false,"pivot":{"x":-0.4590858519077301,"y":1.4729610681533814,"z":-1.1590995788574219},"rotation":{"x":-0.000007027897027001018,"y":1.0000026226043702,"z":-0.001500155427493155,"w":-0.00273170811124146},"size":3.5750555992126467,"orthographic":false}