{"cameraMode":{"drawMode":0,"name":"Shaded","section":"Shading Mode"},"sceneLighting":true,"audioPlay":false,"sceneViewState":{"showFog":false,"showMaterialUpdate":false,"showSkybox":false,"showFlares":false,"showImageEffects":false,"showParticleSystems":false},"in2DMode":false,"pivot":{"x":-0.2964968681335449,"y":-0.5753074884414673,"z":-0.6106828451156616},"rotation":{"x":0.1692337840795517,"y":0.6843318939208984,"z":-0.16806194186210633,"w":0.6890811920166016},"size":6.03048038482666,"orthographic":false}