{"cameraMode":{"drawMode":0,"name":"Shaded","section":"Shading Mode"},"sceneLighting":true,"audioPlay":false,"sceneViewState":{"showFog":true,"showMaterialUpdate":true,"showSkybox":true,"showFlares":true,"showImageEffects":true,"showParticleSystems":true},"in2DMode":false,"pivot":{"x":3.21421217918396,"y":-1.5079257488250733,"z":3.000509738922119},"rotation":{"x":-0.10848773270845413,"y":-0.20079223811626435,"z":0.02239164337515831,"w":-0.9733688831329346},"size":7.918285846710205,"orthographic":false}