{"cameraMode":{"drawMode":0,"name":"Shaded","section":"Shading Mode"},"sceneLighting":true,"audioPlay":false,"sceneViewState":{"showFog":true,"showMaterialUpdate":true,"showSkybox":true,"showFlares":true,"showImageEffects":true,"showParticleSystems":true},"in2DMode":false,"pivot":{"x":-9.544107437133789,"y":1.7835395336151124,"z":-1.6751186847686768},"rotation":{"x":0.1615944802761078,"y":-0.6721144914627075,"z":0.153830885887146,"w":0.7060391306877136},"size":1.1499223709106446,"orthographic":false}