{"cameraMode":{"drawMode":0,"name":"Shaded","section":"Shading Mode"},"sceneLighting":false,"audioPlay":false,"sceneViewState":{"showFog":true,"showMaterialUpdate":true,"showSkybox":false,"showFlares":true,"showImageEffects":true,"showParticleSystems":true},"in2DMode":false,"pivot":{"x":-3.9775776863098146,"y":0.7321214079856873,"z":6.095691680908203},"rotation":{"x":0.1359865814447403,"y":0.03697120398283005,"z":-0.0051595112308859829,"w":0.9900758862495422},"size":18.261980056762697,"orthographic":false}