{"cameraMode":{"drawMode":0,"name":"Shaded","section":"Shading Mode"},"sceneLighting":true,"audioPlay":false,"sceneViewState":{"showFog":true,"showMaterialUpdate":true,"showSkybox":true,"showFlares":true,"showImageEffects":true,"showParticleSystems":true},"in2DMode":false,"pivot":{"x":0.1399381011724472,"y":1.018349528312683,"z":0.4089435338973999},"rotation":{"x":0.003413864877074957,"y":-0.9390055537223816,"z":0.3438290059566498,"w":0.009354823268949986},"size":2.1514317989349367,"orthographic":false}