{"cameraMode":{"drawMode":0,"name":"Shaded","section":"Shading Mode"},"sceneLighting":true,"audioPlay":false,"sceneViewState":{"showFog":true,"showMaterialUpdate":true,"showSkybox":true,"showFlares":true,"showImageEffects":true,"showParticleSystems":true},"in2DMode":false,"pivot":{"x":-0.022075548768043519,"y":0.391449511051178,"z":-2.9619650840759279},"rotation":{"x":0.17035198211669923,"y":-0.5637694001197815,"z":0.12015856802463532,"w":0.7992219924926758},"size":0.3282877802848816,"orthographic":false}