{"cameraMode":{"drawMode":0,"name":"Shaded","section":"Shading Mode"},"sceneLighting":false,"audioPlay":false,"sceneViewState":{"showFog":false,"showMaterialUpdate":false,"showSkybox":false,"showFlares":false,"showImageEffects":false,"showParticleSystems":false},"in2DMode":false,"pivot":{"x":4.447999954223633,"y":1.6820000410079957,"z":-4.1660003662109379},"rotation":{"x":-0.011701680719852448,"y":0.7048864960670471,"z":0.011631688103079796,"w":0.7091283202171326},"size":9.056530952453614,"orthographic":false}